{"hypers": {"envname": "RayEnv", "env": {"seed": 450, "n_envs": 1}, "framestack": {"n_stack": 4}, "agent": {"seed": 1450, "policy": "MlpPolicy", "learning_rate": 0.0007, "n_steps": 10, "gamma": 0.99, "gae_lambda": 1, "ent_coef": 0.01, "vf_coef": 0.25, "max_grad_norm": 0.5, "rms_prop_eps": 1e-05}, "learn": {"total_timesteps": 100000.0, "log_interval": 200}}, "train/learning_rate": 0.0007, "train/n_updates": 199, "train/explained_variance": -3.884331703186035, "train/entropy_loss": -2.05968976020813, "train/policy_loss": -0.003332908730953932, "train/value_loss": 1.1979331247857772e-05, "time/iterations": 200, "time/fps": 117, "time/time_elapsed": 17, "time/total_timesteps": 2000}
{"train/learning_rate": 0.0007, "train/n_updates": 399, "train/explained_variance": -1.6690456867218018, "train/entropy_loss": -2.0710196495056152, "train/policy_loss": -0.0026361148338764906, "train/value_loss": 3.4334159408899723e-06, "time/iterations": 400, "time/fps": 119, "time/time_elapsed": 33, "time/total_timesteps": 4000}
{"train/learning_rate": 0.0007, "train/n_updates": 599, "train/explained_variance": -0.3071051836013794, "train/entropy_loss": -2.0684680938720703, "train/policy_loss": 0.0037188134156167507, "train/value_loss": 4.763710421684664e-06, "time/iterations": 600, "time/fps": 114, "time/time_elapsed": 52, "time/total_timesteps": 6000}
